{"version":2,"languages":{"nodejs-npm":{"specfileHash":"c6b5464801876b2bc2c7cc7ddf8421d7","lockfileHash":"245cdd6573c7eb1cfbc3d2fde4c815d9","guessedImports":["discord.js","erela.js","erela.js-facebook","generate-password","canvacord","weather-js","@haileybot/captcha-generator","@discordjs/voice","ms","popcat-wrapper","request","lyrics-finder","chalk","@discordjs/builders","@discordjs/rest","erela.js-spotify","erela.js-deezer","parse-ms","figlet","axios","is-hexcolor","ytdl-core","moment-duration-format","node-fetch","erela.js-apple","moment","fs","giphy-api","@iamtraction/google-translate","mathjs","isgd","discord-giveaways","express","mongoose","html-entities","hdqwalls-wrapper","cheerio","discord-image-generation","moment-timezone","sourcebin","discord-api-types","dotenv"],"guessedImportsHash":"d3be4439235921abb5df78e1ab54c936"}}}
