{
    "startLogs": {
        "id": "1029263246726803517",
        "token": "Uizh0KTPiO3mdzZvduMKwFqvlm7tvmti4QrwVWcrsjJWpoQxcGOo-9TE0_pjBKAXRuzC"
    },
    "shardLogs": {
        "id": "1029263246726803517",
        "token": "Uizh0KTPiO3mdzZvduMKwFqvlm7tvmti4QrwVWcrsjJWpoQxcGOo-9TE0_pjBKAXRuzC"
    },
    "errorLogs": {
        "id": "1029263246726803517",
        "token": "Uizh0KTPiO3mdzZvduMKwFqvlm7tvmti4QrwVWcrsjJWpoQxcGOo-9TE0_pjBKAXRuzC"
    },
    "dmLogs": {
        "id": "1029263246726803517",
        "token": "Uizh0KTPiO3mdzZvduMKwFqvlm7tvmti4QrwVWcrsjJWpoQxcGOo-9TE0_pjBKAXRuzC"
    },
    "voiceLogs": {
        "id": "1029263246726803517",
        "token": "Uizh0KTPiO3mdzZvduMKwFqvlm7tvmti4QrwVWcrsjJWpoQxcGOo-9TE0_pjBKAXRuzC"
    },
    "serverLogs": {
        "id": "1029263246726803517",
        "token": "Uizh0KTPiO3mdzZvduMKwFqvlm7tvmti4QrwVWcrsjJWpoQxcGOo-9TE0_pjBKAXRuzC"
    },
    "serverLogs2": {
        "id": "1029263246726803517",
        "token": "Uizh0KTPiO3mdzZvduMKwFqvlm7tvmti4QrwVWcrsjJWpoQxcGOo-9TE0_pjBKAXRuzC"
    },
    "commandLogs": {
        "id": "1029263246726803517",
        "token": "Uizh0KTPiO3mdzZvduMKwFqvlm7tvmti4QrwVWcrsjJWpoQxcGOo-9TE0_pjBKAXRuzC"
    },
    "consoleLogs": {
        "id": "1029263246726803517",
        "token": "Uizh0KTPiO3mdzZvduMKwFqvlm7tvmti4QrwVWcrsjJWpoQxcGOo-9TE0_pjBKAXRuzC"
    },
    "warnLogs": {
        "id": "1029263246726803517",
        "token": "Uizh0KTPiO3mdzZvduMKwFqvlm7tvmti4QrwVWcrsjJWpoQxcGOo-9TE0_pjBKAXRuzC"
    },
    "voiceErrorLogs": {
        "id": "1029263246726803517",
        "token": "Uizh0KTPiO3mdzZvduMKwFqvlm7tvmti4QrwVWcrsjJWpoQxcGOo-9TE0_pjBKAXRuzC"
    },
    "creditLogs": {
        "id": "1029263246726803517",
        "token": "Uizh0KTPiO3mdzZvduMKwFqvlm7tvmti4QrwVWcrsjJWpoQxcGOo-9TE0_pjBKAXRuzC"
    },
    "evalLogs": {
        "id": "1029263246726803517",
        "token": "Uizh0KTPiO3mdzZvduMKwFqvlm7tvmti4QrwVWcrsjJWpoQxcGOo-9TE0_pjBKAXRuzC"
    },
    "interactionLogs": {
        "id": "1029263246726803517",
        "token": "Uizh0KTPiO3mdzZvduMKwFqvlm7tvmti4QrwVWcrsjJWpoQxcGOo-9TE0_pjBKAXRuzC"
    }
}